samaccountname;name;surname;userPrincipalName;cargo
99982572;Iseabal;Abram;Iseabal.Abram@gmail.com;
99984741;Debee;Kristi;Debee.Kristi@gmail.com;Director
99905197;Alisha;Blake;Alisha.Blake@gmail.com;Administrativo
99947161;Dacia;Braun;Dacia.Braun@gmail.com;Adscripto
99901660;Winifred;Madelene;Winifred.Madelene@gmail.com;Director
99937605;Dania;Marlie;Dania.Marlie@gmail.com;
99904669;Julieta;Bury;Julieta.Bury@gmail.com;Director
99915766;Hollie;Girardo;Hollie.Girardo@gmail.com;
99917581;Mureil;Tristram;Mureil.Tristram@gmail.com;Subdirector
99984162;Dawn;Gaynor;Dawn.Gaynor@gmail.com;Adscripto